{"stats":{"minecraft:crafted":{"minecraft:oak_planks":24,"minecraft:crafting_table":1,"minecraft:wooden_pickaxe":1,"minecraft:wooden_axe":1},"minecraft:picked_up":{"minecraft:stick":5,"minecraft:crafting_table":1,"minecraft:pumpkin":9,"minecraft:oak_log":11,"minecraft:oak_sapling":5,"minecraft:sugar_cane":2},"minecraft:used":{"minecraft:wooden_axe":28,"minecraft:crafting_table":1},"minecraft:custom":{"minecraft:time_since_rest":9656,"minecraft:play_time":9656,"minecraft:sprint_one_cm":18857,"minecraft:damage_taken":60,"minecraft:walk_one_cm":27424,"minecraft:sneak_time":250,"minecraft:walk_under_water_one_cm":76,"minecraft:jump":21,"minecraft:walk_on_water_one_cm":6175,"minecraft:leave_game":2,"minecraft:time_since_death":9656,"minecraft:climb_one_cm":238,"minecraft:total_world_time":9656,"minecraft:fall_one_cm":1064,"minecraft:interact_with_crafting_table":1,"minecraft:fly_one_cm":11759},"minecraft:mined":{"minecraft:grass":1,"minecraft:oak_log":11,"minecraft:vine":1,"minecraft:sugar_cane":6,"minecraft:pumpkin":9,"minecraft:oak_leaves":7,"minecraft:crafting_table":1}},"DataVersion":3120}